ID,Address,PostCode,Name,Rating,Country_code,lat,lng
9000062,27 Victoria Road LEEDS LS26 1IY,LS26 1IY,Tilda Walker,1,GB,53.7511723,-1.6036424
9000063,31 Park Lane EDINBURGH EH86 7MY,EH86 7MY,Albion Bailey,5,GB,55.9450928,-3.1178484
9000064,6 Mill Road EDINBURGH EH86 7MY,EH86 7MY,Aiken Kimmons,1,GB,55.975253,-3.252453
9000065,74 The Grove CLEVELAND TS59 8UP,TS59 8UP,Sigmund Macy,1,GB,53.647531,-1.45886
9000066,31 Park Lane CROYDON CR25 1HV,CR25 1HV,Rita Goodwin,2,GB,51.3720863,-0.0965859
9000067,27 Victoria Road HARROW HA59 0GM,HA59 0GM,Faye Tomlinson,4,GB,52.635736,-1.68911
9000068,411 The Green CLEVELAND TS59 8UP,TS59 8UP,Lucas Cantrell,2,GB,51.870039,-0.682225
9000069,56 West Street CLEVELAND TS59 8UP,TS59 8UP,Ava Wheatly,3,GB,50.961514,-0.142564
9000070,4 Grange Road KIRKWALL KW77 1SK,KW77 1SK,Baxter Mcgee,3,GB,52.098274,-1.872253
9000071,31 Park Lane PAISLEY PA55 4TS,PA55 4TS,Roxanne Shepherd,4,GB,52.816738,-1.245322
9000072,9 George Street OUTER HEBRIDES HS89 0AT,HS89 0AT,Darren Bacchus,1,GB,55.656393,-3.196171
9000073,14 North Road NORTH WEST LONDON NW78 6JA,NW78 6JA,Edwin Lawrence,5,GB,51.4905332,-0.2066906
9000074,67 Alexander Road WESTERN CENTRAL LONDON WC17 4QU,WC17 4QU,Tommy Perkins,1,GB,52.451196,-1.821975
9000075,14 North Road ILFORD IG46 0GS,IG46 0GS,Forrest Hale,5,GB,54.77675,-1.580778
9000076,14 North Road PETERBOROUGH PE11 6TE,PE11 6TE,Ingram Duncan,5,GB,52.577942,-0.222224
9000077,31 Park Lane IPSWICH IP13 9GQ,IP13 9GQ,Myrtle Nicholson,5,GB,52.816738,-1.245322
9000078,411 The Green BRIGHTON BN55 9QX,BN55 9QX,Madison Mccoy,5,GB,50.8066094,-0.059192
9000079,14 Mill Lane EDINBURGH EH86 7MY,EH86 7MY,Zoe Lamb,5,GB,55.9742518,-3.1743568
9000080,411 The Green IPSWICH IP13 9GQ,IP13 9GQ,Rowan Watson,5,GB,52.0504188,1.1447878
9000081,4 Grange Road KIRKWALL KW77 1SK,KW77 1SK,Eddie Lawrence,5,GB,52.098274,-1.872253
9000082,14 North Road LEEDS LS26 1IY,LS26 1IY,Roxanne Snider,5,GB,53.8084653,-1.4488324
9000083,411 The Green LEEDS LS26 1IY,LS26 1IY,Duncan Walker,5,GB,53.7914424,-1.3719724
9000084,67 Alexander Road WESTERN CENTRAL LONDON WC17 4QU,WC17 4QU,Toby Atkinson,3,GB,52.451196,-1.821975
9000085,6 Mill Road WESTERN CENTRAL LONDON WC17 4QU,WC17 4QU,Windsor Fisher,2,GB,52.240064,0.107637
9000086,36 Chester Road SOUTHEND-ON-SEA SS49 8QS,SS49 8QS,Humphrey Jacobs,2,GB,51.5281843,0.7950288
9000087,31 Park Lane SOUTHEND-ON-SEA SS49 8QS,SS49 8QS,Darcy Moreno,3,GB,51.5366678,0.728311
9000088,56 West Street OUTER HEBRIDES HS89 0AT,HS89 0AT,Teri Sarratt,4,GB,51.062784,-0.329858
9000089,873 The Drive DONCASTER DN96 3FK,DN96 3FK,Milo Lawson,4,GB,53.5531639,-1.0630279
9000090,36 Chester Road CLEVELAND TS59 8UP,TS59 8UP,Jacqueline Neel,3,GB,52.532664,-1.828372
9000091,14 Mill Lane CANTERBURY CT9 1ZX, CT9 1ZX,Henrietta Walsh,4,GB,51.28168445,1.0804451
9000092,27 Victoria Road PAISLEY PA55 4TS,PA55 4TS,Khloe Wade,2,GB,55.8324642,-4.4377568
9000093,67 Alexander Road CROYDON CR25 1HV,CR25 1HV,Rafe Albert,4,GB,51.3211936,-0.1554445
9000094,622 Broadway WESTERN CENTRAL LONDON WC17 4QU,WC17 4QU,Kobi Buck,4,GB,53.566602,-0.648197
9000095,14 Mill Lane SOUTHEND-ON-SEA SS49 8QS,SS49 8QS,Berat Pickett,3,GB,50.994225,-3.116258
9000096,89 Main Road PETERBOROUGH PE11 6TE,PE11 6TE,Umaiza Brady,4,GB,52.6167788,-0.0190882
9000097,9 George Street SUNDERLAND SR64 8HE,SR64 8HE,Federico Swanson,2,GB,56.002434,-4.725673
9000098,74 The Grove HARROW HA59 0GM,HA59 0GM,Rudy Slater,5,GB,51.571438,-0.33774
9000099,75 King Street OUTER HEBRIDES HS89 0AT,HS89 0AT,Kiaan Delarosa,3,GB,51.511524,-0.087025
9000100,96 Grove Road BRIGHTON BN55 9QX,BN55 9QX,Chiara Gonzales,5,GB,53.4297449,-3.0628245
9000101,14 North Road NORTH WEST LONDON NW78 6JA,NW78 6JA,Orlando Michael,5,GB,51.4905332,-0.2066906
9000102,411 The Green GALASHIELS TD57 6QC,TD57 6QC,Minahil Donnelly,3,GB,55.6178113,-2.8054719
9000103,75 King Street SUNDERLAND SR64 8HE,SR64 8HE,Oliver Walton,5,GB,55.580034,-1.654006
9000104,61 North Street CANTERBURY CT9 1ZX, CT9 1ZX,Kory Rankin,3,GB,51.275964,1.08237
9000105,96 Grove Road NORTH WEST LONDON NW78 6JA,NW78 6JA,Ellena Dejesus,5,GB,51.559905,-0.002345
9000106,96 Grove Road DONCASTER DN96 3FK,DN96 3FK,Kyan Guest,1,GB,53.539163,-1.095164
9000107,89 Main Road BRIGHTON BN55 9QX,BN55 9QX,Todd Griffin,4,GB,50.6433833,-1.3963542
9000108,622 Broadway HARROGATE HG51 5QD,HG51 5QD,Avni Correa,5,GB,53.691114,-2.318234
9000109,31 Park Lane SOUTHEND-ON-SEA SS49 8QS,SS49 8QS,Melinda Shaw,3,GB,51.5366678,0.728311
9000110,74 The Grove PETERBOROUGH PE11 6TE,PE11 6TE,Luciano Mcmanus,5,GB,52.5746038,-0.2503162
9000111,74 The Grove CANTERBURY CT9 1ZX, CT9 1ZX,Bea Churchill,3,GB,51.2030016,1.1583496
9000112,6 Mill Road ILFORD IG46 0GS,IG46 0GS,Veer Martins,4,GB,52.240064,0.107637
9000113,14 North Road GALASHIELS TD57 6QC,TD57 6QC,Kristy Hamer,4,GB,51.615371,-2.516748
9000114,75 King Street PAISLEY PA55 4TS,PA55 4TS,Cathal Rocha,3,GB,55.8451545,-4.4403952
9000115,56 West Street GALASHIELS TD57 6QC,TD57 6QC,Kabir Millar,4,GB,50.961514,-0.142564
9000116,67 Alexander Road PAISLEY PA55 4TS,PA55 4TS,Belinda Mccann,4,GB,52.451196,-1.821975
9000117,31 Park Lane KIRKWALL KW77 1SK,KW77 1SK,Dotty Zimmerman,4,GB,52.816738,-1.245322
9000118,14 Mill Lane BRIGHTON BN55 9QX,BN55 9QX,Justin Crossley,5,GB,50.6367211,-1.3960304
9000119,9 George Street PAISLEY PA55 4TS,PA55 4TS,Penny Short,5,GB,55.8421421,-4.4383631
9000120,873 The Drive SUNDERLAND SR64 8HE,SR64 8HE,Darren Rivers,3,GB,54.915559,-1.52548
9000121,4 Grange Road HARROW HA59 0GM,HA59 0GM,Homer Aguirre,5,GB,51.5678,-0.3476265
9000122,90 Queensway KIRKWALL KW77 1SK,KW77 1SK,Conor Wilde,3,GB,,
9000123,27 Victoria Road DONCASTER DN96 3FK,DN96 3FK,Zephaniah Allison,1,GB,53.5097174,-1.1459197
9000124,74 The Grove SUNDERLAND SR64 8HE,SR64 8HE,Akshay Solomon,5,GB,53.647531,-1.45886
9000125,36 Chester Road SOUTHEND-ON-SEA SS49 8QS,SS49 8QS,Linda Wise,3,GB,51.5281843,0.7950288
9000126,873 The Drive GALASHIELS TD57 6QC,TD57 6QC,Tahmina Mathews,5,GB,55.6178113,-2.8054719
9000127,873 The Drive ILFORD IG46 0GS,IG46 0GS,Mike Riggs,5,GB,54.949966,-1.558496
9000128,27 Victoria Road HARROW HA59 0GM,HA59 0GM,Kylan Henderson,3,GB,52.635736,-1.68911
9000129,31 Park Lane EDINBURGH EH86 7MY,EH86 7MY,Ariah Forbes,3,GB,55.9450928,-3.1178484
9000130,9 George Street KIRKWALL KW77 1SK,KW77 1SK,Inaya Wagner,5,GB,56.002434,-4.725673
9000131,4 Grange Road PAISLEY PA55 4TS,PA55 4TS,Dougie Lawson,5,GB,51.613134,0.0925025
9000132,75 King Street IPSWICH IP13 9GQ,IP13 9GQ,Lily Koch,3,GB,52.0572549,1.1524886
9000133,6 Mill Road DONCASTER DN96 3FK,DN96 3FK,Montgomery Mcarthur,5,GB,53.5691187,-0.997187
9000134,74 The Grove CROYDON CR25 1HV,CR25 1HV,Manisha Khan,5,GB,51.3243126,-0.1371995
9000135,9 George Street CANTERBURY CT9 1ZX, CT9 1ZX,Mia-Rose Broughton,1,GB,51.2781188,1.0816993
9000136,74 The Grove CLEVELAND TS59 8UP,TS59 8UP,Taylor Christensen,5,GB,53.647531,-1.45886
9000137,90 Queensway NORTH WEST LONDON NW78 6JA,NW78 6JA,Summer Butler,3,GB,51.5130773,-0.187516
9000138,31 Park Lane WESTERN CENTRAL LONDON WC17 4QU,WC17 4QU,Ailish Bull,3,GB,52.816738,-1.245322
9000139,36 Chester Road CROYDON CR25 1HV,CR25 1HV,Tolga Bishop,4,GB,52.532664,-1.828372
9000140,67 Alexander Road LEEDS LS26 1IY,LS26 1IY,Daanyal Webster,4,GB,53.8062594,-1.568276737
9000141,411 The Green LEEDS LS26 1IY,LS26 1IY,Kyle Schofield,3,GB,53.7914424,-1.3719724
9000142,61 North Street KIRKWALL KW77 1SK,KW77 1SK,Gracey Harris,5,GB,51.440736,-2.604149
9000143,31 Park Lane ILFORD IG46 0GS,IG46 0GS,Maison Hough,3,GB,52.816738,-1.245322
9000144,90 Queensway ILFORD IG46 0GS,IG46 0GS,Zeynep Wynn,4,GB,52.816738,-1.245322
9000145,89 Main Road HARROW HA59 0GM,HA59 0GM,Jorgie Owen,1,GB,54.109568,-2.752946
9000146,75 King Street SUNDERLAND SR64 8HE,SR64 8HE,Stuart Berg,1,GB,55.580034,-1.654006
9000147,89 Main Road PAISLEY PA55 4TS,PA55 4TS,Rami Woodard,1,GB,55.8386195,-4.4343535
9000148,4 Grange Road DONCASTER DN96 3FK,DN96 3FK,Hudson Nicholson,1,GB,53.564247,-1.153099
9000149,67 Alexander Road PAISLEY PA55 4TS,PA55 4TS,Hubert Green,3,GB,52.451196,-1.821975
9000150,796 School Lane OUTER HEBRIDES HS89 0AT,HS89 0AT,Elodie Cisneros,5,GB,52.652803,1.309241
9000151,61 North Street HARROW HA59 0GM,HA59 0GM,Josephine Suarez,5,GB,51.5129589,-0.10674434
9000152,90 Queensway OUTER HEBRIDES HS89 0AT,HS89 0AT,Jorgie Esquivel,5,GB,51.510473,-0.187233
9000153,411 The Green LEEDS LS26 1IY,LS26 1IY,Garfield Devine,5,GB,53.7914424,-1.3719724
9000154,67 Alexander Road DONCASTER DN96 3FK,DN96 3FK,Maliha Bell,3,GB,53.5520802,-1.1445388
9000155,622 Broadway PAISLEY PA55 4TS,PA55 4TS,Darsh Cleveland,5,GB,53.566602,-0.648197
9000156,75 King Street BRIGHTON BN55 9QX,BN55 9QX,Olivia-Rose Carr,3,GB,50.8246649,-0.1411168
9000157,9 George Street OUTER HEBRIDES HS89 0AT,HS89 0AT,Kia Bond,5,GB,55.656393,-3.196171
9000158,74 The Grove SOUTHEND-ON-SEA SS49 8QS,SS49 8QS,Monet Blevins,5,GB,51.5471131,0.7254482
9000159,4 Grange Road OUTER HEBRIDES HS89 0AT,HS89 0AT,Hughie Pickett,3,GB,51.613134,0.0925025
9000160,67 Alexander Road CLEVELAND TS59 8UP,TS59 8UP,Rahma Fisher,3,GB,52.451196,-1.821975
9000161,90 Queensway OUTER HEBRIDES HS89 0AT,HS89 0AT,Cherie Muir,1,GB,51.510473,-0.187233
9000162,74 The Grove HARROW HA59 0GM,HA59 0GM,Chanel Bains,5,GB,51.571438,-0.33774
9000163,74 The Grove DONCASTER DN96 3FK,DN96 3FK,Dorian Mcpherson,4,GB,53.5372835,-1.1009319
9000164,14 North Road LEEDS LS26 1IY,LS26 1IY,Lyndsey Case,2,GB,53.8084653,-1.4488324
9000165,6 Mill Road SUNDERLAND SR64 8HE,SR64 8HE,Blanche Hale,5,GB,52.240064,0.107637
9000166,873 The Drive KIRKWALL KW77 1SK,KW77 1SK,Roksana Rivera,5,GB,54.949966,-1.558496
9000167,14 Mill Lane SOUTHEND-ON-SEA SS49 8QS,SS49 8QS,Yusha Bain,1,GB,50.994225,-3.116258
9000168,96 Grove Road IPSWICH IP13 9GQ,IP13 9GQ,Paddy Chandler,5,GB,51.9713883,1.3509014
9000169,27 Victoria Road SUNDERLAND SR64 8HE,SR64 8HE,Sumaiyah Stone,5,GB,52.635736,-1.68911
9000170,411 The Green KIRKWALL KW77 1SK,KW77 1SK,Darnell Austin,5,GB,51.870039,-0.682225
9000171,6 Mill Road GALASHIELS TD57 6QC,TD57 6QC,Joanne Huerta,2,GB,52.240064,0.107637
9000172,6 Mill Road LEEDS LS26 1IY,LS26 1IY,Kianna Greenwood,5,GB,53.8452209,-1.6234469
9000173,75 King Street CROYDON CR25 1HV,CR25 1HV,Lincoln Ray,5,GB,53.6974,-1.420662
9000174,56 West Street GALASHIELS TD57 6QC,TD57 6QC,Affan Langley,3,GB,50.961514,-0.142564
9000175,14 North Road CANTERBURY CT9 1ZX, CT9 1ZX,Melissa Trujillo,4,GB,51.615371,-2.516748
9000176,6 Mill Road CROYDON CR25 1HV,CR25 1HV,Lynn Devlin,4,GB,52.240064,0.107637
9000177,4 Grange Road CROYDON CR25 1HV,CR25 1HV,Rory Needham,3,GB,51.4014708,-0.0920512
9000178,96 Grove Road GALASHIELS TD57 6QC,TD57 6QC,Franky Moreno,5,GB,51.95638,-0.271303
9000179,67 Alexander Road EDINBURGH EH86 7MY,EH86 7MY,Hasan Reese,4,GB,55.922665,-3.177266
9000180,6 Mill Road BRIGHTON BN55 9QX,BN55 9QX,Rikki Thorne,1,GB,52.240064,0.107637
9000181,90 Queensway GALASHIELS TD57 6QC,TD57 6QC,Sammy-Jo Pacheco,5,GB,51.510473,-0.187233
9000182,61 North Street PAISLEY PA55 4TS,PA55 4TS,Farah Potter,5,GB,55.8516574,-4.4247412
9000183,31 Park Lane CLEVELAND TS59 8UP,TS59 8UP,Pooja Cantrell,3,GB,52.816738,-1.245322
9000184,61 North Street SUNDERLAND SR64 8HE,SR64 8HE,Fionnuala Henson,5,GB,51.440736,-2.604149
9000185,873 The Drive NORTH WEST LONDON NW78 6JA,NW78 6JA,Zakariya Barton,5,GB,51.3807674,-0.0105495
9000186,6 Mill Road EDINBURGH EH86 7MY,EH86 7MY,T-Jay Le,5,GB,55.975253,-3.252453
9000187,622 Broadway HARROW HA59 0GM,HA59 0GM,Emilis Lamb,3,GB,51.6179886,-0.3081532
9000188,14 Mill Lane CLEVELAND TS59 8UP,TS59 8UP,Thiago Parkinson,5,GB,50.994225,-3.116258
9000189,411 The Green PAISLEY PA55 4TS,PA55 4TS,Waqas Ferguson,5,GB,51.5066288,-0.237510362
9000190,31 Park Lane CANTERBURY CT9 1ZX, CT9 1ZX,Catrin Mair,5,GB,51.2292139,1.135477
9000191,796 School Lane GALASHIELS TD57 6QC,TD57 6QC,Roan Bates,1,GB,53.923598,-1.331696
9000192,74 The Grove CANTERBURY CT9 1ZX, CT9 1ZX,Zayd Rodrigues,3,GB,51.2030016,1.1583496
9000193,411 The Green HARROW HA59 0GM,HA59 0GM,Leigh Pratt,5,GB,51.5809475,-0.3726419
9000194,411 The Green KIRKWALL KW77 1SK,KW77 1SK,Dalton Wolfe,3,GB,51.870039,-0.682225
9000195,31 Park Lane EDINBURGH EH86 7MY,EH86 7MY,Areebah Macleod,4,GB,55.9450928,-3.1178484
9000196,873 The Drive SUNDERLAND SR64 8HE,SR64 8HE,Evie-Rose Vega,4,GB,54.915559,-1.52548
9000197,14 Mill Lane ILFORD IG46 0GS,IG46 0GS,Thelma Lozano,4,GB,50.994225,-3.116258
9000198,61 North Street SOUTHEND-ON-SEA SS49 8QS,SS49 8QS,Rhys Little,1,GB,51.5424318,0.655492
9000199,14 North Road DONCASTER DN96 3FK,DN96 3FK,Glyn Coulson,2,GB,53.541599,-1.169501
9000200,89 Main Road PAISLEY PA55 4TS,PA55 4TS,Graham Garner,4,GB,55.8386195,-4.4343535
9000201,56 West Street HARROW HA59 0GM,HA59 0GM,Harmony Cano,5,GB,51.572334,-0.341428
9000202,74 The Grove SOUTHEND-ON-SEA SS49 8QS,SS49 8QS,Elias Salt,3,GB,51.5471131,0.7254482
9000203,96 Grove Road CLEVELAND TS59 8UP,TS59 8UP,Jay-Jay Andrews,5,GB,51.95638,-0.271303
9000204,6 Mill Road WESTERN CENTRAL LONDON WC17 4QU,WC17 4QU,Taylor Huber,5,GB,52.240064,0.107637
9000205,14 Mill Lane ILFORD IG46 0GS,IG46 0GS,Helin Carey,5,GB,50.994225,-3.116258
9000206,411 The Green DONCASTER DN96 3FK,DN96 3FK,Cameron Mclellan,2,GB,53.6118254,-0.9626837
9000207,27 Victoria Road SUNDERLAND SR64 8HE,SR64 8HE,Tayyab Robertson,5,GB,52.635736,-1.68911
9000208,74 The Grove WESTERN CENTRAL LONDON WC17 4QU,WC17 4QU,Noel Cartwright,5,GB,53.647531,-1.45886
9000209,36 Chester Road SOUTHEND-ON-SEA SS49 8QS,SS49 8QS,Tiegan Pena,5,GB,51.5281843,0.7950288
9000210,31 Park Lane PAISLEY PA55 4TS,PA55 4TS,Nikola Stark,3,GB,52.816738,-1.245322
9000211,9 George Street CLEVELAND TS59 8UP,TS59 8UP,Abdallah Callahan,5,GB,56.002434,-4.725673
9000212,4 Grange Road CLEVELAND TS59 8UP,TS59 8UP,Andreas Larsen,4,GB,52.098274,-1.872253
9000213,89 Main Road CANTERBURY CT9 1ZX, CT9 1ZX,Aayush Murphy,5,GB,54.109568,-2.752946
9000214,75 King Street CROYDON CR25 1HV,CR25 1HV,Aaron Scott,3,GB,53.6974,-1.420662
9000215,74 The Grove GALASHIELS TD57 6QC,TD57 6QC,Celia Andrade,4,GB,55.6178113,-2.8054719
9000216,6 Mill Road LEEDS LS26 1IY,LS26 1IY,Jana Brookes,4,GB,53.8452209,-1.6234469
9000217,89 Main Road SOUTHEND-ON-SEA SS49 8QS,SS49 8QS,Ramone Ward,5,GB,54.109568,-2.752946
9000218,4 Grange Road CLEVELAND TS59 8UP,TS59 8UP,Carrie-Ann Mcculloch,1,GB,52.098274,-1.872253
9000219,14 North Road NORTH WEST LONDON NW78 6JA,NW78 6JA,Merlin Harmon,4,GB,51.4905332,-0.2066906
9000220,74 The Grove OUTER HEBRIDES HS89 0AT,HS89 0AT,Elliot Peel,5,GB,53.647531,-1.45886
9000221,14 Mill Lane OUTER HEBRIDES HS89 0AT,HS89 0AT,Martine Mccall,5,GB,50.994225,-3.116258
9000222,4 Grange Road NORTH WEST LONDON NW78 6JA,NW78 6JA,Rafe Rollins,3,GB,51.5771696,-0.1542852
9000223,622 Broadway LEEDS LS26 1IY,LS26 1IY,Mikolaj Mathews,5,GB,53.8358635,-1.6275216
9000224,74 The Grove ILFORD IG46 0GS,IG46 0GS,Chester Bryan,5,GB,53.647531,-1.45886
9000225,14 Mill Lane BRIGHTON BN55 9QX,BN55 9QX,Kalvin Rodgers,2,GB,50.6367211,-1.3960304
9000226,873 The Drive ILFORD IG46 0GS,IG46 0GS,Lawson Acosta,4,GB,54.949966,-1.558496
9000227,796 School Lane BRIGHTON BN55 9QX,BN55 9QX,Maegan Sloan,4,GB,51.2485127,-1.121103029
9000228,4 Grange Road CLEVELAND TS59 8UP,TS59 8UP,Donnie Landry,4,GB,52.098274,-1.872253
9000229,75 King Street IPSWICH IP13 9GQ,IP13 9GQ,Franciszek Bush,1,GB,52.0572549,1.1524886
9000230,36 Chester Road DONCASTER DN96 3FK,DN96 3FK,Ayat Lin,5,GB,53.5381814,-1.1141556
9000231,89 Main Road EDINBURGH EH86 7MY,EH86 7MY,Wanda Mill,3,GB,54.109568,-2.752946
9000232,61 North Street HARROW HA59 0GM,HA59 0GM,Anja Hurst,4,GB,51.5129589,-0.10674434
9000233,14 North Road ILFORD IG46 0GS,IG46 0GS,Stephen Green,4,GB,54.77675,-1.580778
9000234,796 School Lane CANTERBURY CT9 1ZX, CT9 1ZX,Saim Woodcock,4,GB,51.351668,1.1362025
9000235,9 George Street LEEDS LS26 1IY,LS26 1IY,Liyah Edwards,3,GB,53.7525805,-1.3894557
9000236,622 Broadway PAISLEY PA55 4TS,PA55 4TS,Mack Skinner,4,GB,53.566602,-0.648197
9000237,873 The Drive GALASHIELS TD57 6QC,TD57 6QC,Tessa Gill,5,GB,55.6178113,-2.8054719
9000238,27 Victoria Road WESTERN CENTRAL LONDON WC17 4QU,WC17 4QU,Samuel Person,3,GB,51.539282,-0.196993
9000239,14 North Road CLEVELAND TS59 8UP,TS59 8UP,Ellie-Mae Beaumont,5,GB,54.77675,-1.580778
9000240,67 Alexander Road IPSWICH IP13 9GQ,IP13 9GQ,Nada Maguire,1,GB,52.058052,1.1705752
9000241,6 Mill Road SUNDERLAND SR64 8HE,SR64 8HE,Clare Mendez,5,GB,52.240064,0.107637
9000242,75 King Street KIRKWALL KW77 1SK,KW77 1SK,Hamzah Naylor,5,GB,55.957309,-3.201739
9000243,74 The Grove GALASHIELS TD57 6QC,TD57 6QC,Gurveer Oneil,3,GB,55.6178113,-2.8054719
9000244,796 School Lane KIRKWALL KW77 1SK,KW77 1SK,Cleo Glover,3,GB,52.111587,-0.700088
9000245,89 Main Road EDINBURGH EH86 7MY,EH86 7MY,Dayna Willis,3,GB,54.109568,-2.752946
9000246,36 Chester Road NORTH WEST LONDON NW78 6JA,NW78 6JA,Edison Pham,4,GB,51.5923686,-0.0791178
9000247,56 West Street PAISLEY PA55 4TS,PA55 4TS,Marley Morin,5,GB,55.8423653,-4.4412722
9000248,56 West Street HARROW HA59 0GM,HA59 0GM,Ayden Stout,2,GB,51.572334,-0.341428
9000249,4 Grange Road IPSWICH IP13 9GQ,IP13 9GQ,Lily-Mae Dunne,5,GB,52.0561371,1.1693399
9000250,411 The Green CROYDON CR25 1HV,CR25 1HV,Rhiannan Power,5,GB,51.3483336,-0.036782
9000251,75 King Street GALASHIELS TD57 6QC,TD57 6QC,Shelby Matthams,3,GB,55.6228612,-2.8222538
9000252,31 Park Lane SOUTHEND-ON-SEA SS49 8QS,SS49 8QS,Renae Delacruz,5,GB,51.5366678,0.728311
9000253,4 Grange Road SOUTHEND-ON-SEA SS49 8QS,SS49 8QS,Cydney Chadwick,4,GB,51.5440905,0.6490986
9000254,31 Park Lane PAISLEY PA55 4TS,PA55 4TS,Nicolle Leal,5,GB,52.816738,-1.245322
9000255,9 George Street GALASHIELS TD57 6QC,TD57 6QC,Karolina Bourne,2,GB,56.002434,-4.725673
9000256,56 West Street PETERBOROUGH PE11 6TE,PE11 6TE,Raya Kane,5,GB,52.6357592,-0.3579685
9000257,411 The Green HARROGATE HG51 5QD,HG51 5QD,Chanel Hibbert,3,GB,53.9590065,-1.4080784
9000258,796 School Lane GALASHIELS TD57 6QC,TD57 6QC,Marcie Vazquez,4,GB,53.923598,-1.331696
9000259,96 Grove Road LEEDS LS26 1IY,LS26 1IY,Sulayman Holcomb,4,GB,53.7940559,-1.4695977
9000260,411 The Green CROYDON CR25 1HV,CR25 1HV,Jarrad Nixon,2,GB,51.3483336,-0.036782
9000261,14 Mill Lane OUTER HEBRIDES HS89 0AT,HS89 0AT,Shaunaï¿½Chase,3,GB,50.994225,-3.116258
